25052FL-12-01-01	op_6
25052FL-12-01-02	op_OO5
25052FL-12-01-03	op_B2
25052FL-12-01-04	op_C4
25052FL-12-01-05	op_D3
25052FL-12-01-06	op_F6
25052FL-12-01-07	op_13
25052FL-12-01-08	op_14
25052FL-12-01-09	op_25
25052FL-12-01-10	op_27
25052FL-12-01-11	op_OO4
25052FL-12-01-12	op_E2
25052FL-12-01-13	op_26
25052FL-12-01-14	op_OO2
25052FL-12-01-15	op_OO6
25052FL-12-01-16	op_A3
25052FL-12-01-17	op_D1
25052FL-12-01-18	op_E5
25052FL-12-01-19	op_5
25052FL-12-01-20	op_12
25052FL-12-01-21	op_28
25052FL-12-01-22	op_OO1
25052FL-12-01-23	op_OO3
25052FL-12-01-24	op_A1
25052FL-12-01-25	op_C6
25052FL-12-01-26	op_B5
