ID,Description,GeneRatio,BgRatio,RichFactor,FoldEnrichment,zScore,pvalue,p.adjust,qvalue,geneID,Count,GOSLIM_ID,GOSLIM_Name,contrast
GO:0006783,heme biosynthetic process,3/30,20/14185,0.15,70.925,14.406027359910386,9.498166986416988e-6,0.00262504463860462,0.00220128448681102,ACROYT_G008089/ACROYT_G032710/ACROYT_G004649,3,NA,NA,10v25
GO:0006779,porphyrin-containing compound biosynthetic process,3/30,23/14185,0.13043478260869565,61.67391304347826,13.406292158871617,1.4692414022040783e-5,0.00262504463860462,0.00220128448681102,ACROYT_G008089/ACROYT_G032710/ACROYT_G004649,3,NA,NA,10v25
GO:0033014,tetrapyrrole biosynthetic process,3/30,23/14185,0.13043478260869565,61.67391304347826,13.406292158871617,1.4692414022040783e-5,0.00262504463860462,0.00220128448681102,ACROYT_G008089/ACROYT_G032710/ACROYT_G004649,3,NA,NA,10v25
GO:0042168,heme metabolic process,3/30,41/14185,0.07317073170731707,34.59756097560975,9.917874469703465,8.619347694744087e-5,0.0114306882255961,0.00958543572727717,ACROYT_G008089/ACROYT_G032710/ACROYT_G004649,3,NA,NA,10v25
GO:0006778,porphyrin-containing compound metabolic process,3/30,44/14185,0.06818181818181818,32.23863636363636,9.553959514624903,1.0662955434324727e-4,0.0114306882255961,0.00958543572727717,ACROYT_G008089/ACROYT_G032710/ACROYT_G004649,3,NA,NA,10v25
GO:0035794,positive regulation of mitochondrial membrane permeability,2/30,10/14185,0.2,94.56666666666666,13.625883641029963,1.9254390907076787e-4,0.01474336218027594,0.01236334574033351,ACROYT_G001231/ACROYT_G003176,2,NA,NA,10v25
GO:1905710,positive regulation of membrane permeability,2/30,12/14185,0.16666666666666666,78.80555555555556,12.412960955166469,2.8165558630132163e-4,0.01887092428218855,0.01582459675666636,ACROYT_G001231/ACROYT_G003176,2,NA,NA,10v25
GO:2000001,regulation of DNA damage checkpoint,2/30,16/14185,0.125,59.104166666666664,10.705395583294962,5.094138862450602e-4,0.03033842700303914,0.02544090402650768,ACROYT_G002805/ACROYT_G016799,2,NA,NA,10v25
GO:0046148,pigment biosynthetic process,3/30,81/14185,0.03703703703703703,17.512345679012345,6.860964677065594,6.516336424988806e-4,0.03106800812017206,0.02605270908741844,ACROYT_G008089/ACROYT_G032710/ACROYT_G004649,3,NA,NA,10v25
GO:0005743,mitochondrial inner membrane,5/30,340/14185,0.01470588235294117,6.953431372549019,5.115232544091591,6.684462155654934e-4,0.03106800812017206,0.02605270908741844,ACROYT_G008089/ACROYT_G031846/ACROYT_G032710/ACROYT_G001231/ACROYT_G004649,5,NA,NA,10v25
GO:0019866,organelle inner membrane,5/30,343/14185,0.01457725947521865,6.892614188532556,5.085816617811173,6.955524206008671e-4,0.03106800812017206,0.02605270908741844,ACROYT_G008089/ACROYT_G031846/ACROYT_G032710/ACROYT_G001231/ACROYT_G004649,5,NA,NA,10v25
GO:0007005,mitochondrion organization,5/30,374/14185,0.01336898395721925,6.321301247771836,4.801159522814518,0.0010265421684672,0.04232512325372468,0.03549259157372435,ACROYT_G031846/ACROYT_G032710/ACROYT_G036614/ACROYT_G001231/ACROYT_G003176,5,GO:0007005,mitochondrion organization,10v25
GO:0000070,mitotic sister chromatid segregation,14/159,145/14185,0.09655172413793103,8.613749728909129,9.811378959557764,8.540172729382768e-10,1.8796920177371475e-6,1.6657831650048709e-6,ACROYT_G043168/ACROYT_G011372/ACROYT_G006387/ACROYT_G017013/ACROYT_G025695/ACROYT_G010184/ACROYT_G025577/ACROYT_G035417/ACROYT_G007708/ACROYT_G029490/ACROYT_G032456/ACROYT_G005778/ACROYT_G028878/ACROYT_G006315,14,GO:0007059,chromosome segregation,10v5
GO:0098813,nuclear chromosome segregation,16/159,227/14185,0.07048458149779736,6.288199927963872,8.55145872139321,5.262255813663291e-9,4.505049784741432e-6,3.992375356238013e-6,ACROYT_G043168/ACROYT_G011372/ACROYT_G006374/ACROYT_G020690/ACROYT_G006387/ACROYT_G017013/ACROYT_G025695/ACROYT_G010184/ACROYT_G025577/ACROYT_G035417/ACROYT_G000625/ACROYT_G007708/ACROYT_G029490/ACROYT_G032456/ACROYT_G005778/ACROYT_G006315,16,GO:0007059,chromosome segregation,10v5
GO:0000280,nuclear division,20/159,371/14185,0.05390835579514825,4.809371238705522,7.916104772802836,6.140458588925169e-9,4.505049784741432e-6,3.992375356238013e-6,ACROYT_G001680/ACROYT_G006757/ACROYT_G043168/ACROYT_G011871/ACROYT_G011372/ACROYT_G006374/ACROYT_G020690/ACROYT_G006387/ACROYT_G017013/ACROYT_G001679/ACROYT_G025695/ACROYT_G010184/ACROYT_G025577/ACROYT_G035417/ACROYT_G007708/ACROYT_G029490/ACROYT_G032456/ACROYT_G005778/ACROYT_G033190/ACROYT_G006315,20,NA,NA,10v5
GO:0007059,chromosome segregation,17/159,269/14185,0.06319702602230483,5.638049145449019,8.176835905283658,8.848768853939231e-9,4.869035061880062e-6,4.3149391279866826e-6,ACROYT_G043168/ACROYT_G011372/ACROYT_G006374/ACROYT_G020690/ACROYT_G006387/ACROYT_G017013/ACROYT_G025695/ACROYT_G010184/ACROYT_G025577/ACROYT_G035417/ACROYT_G000625/ACROYT_G007708/ACROYT_G029490/ACROYT_G032456/ACROYT_G025257/ACROYT_G005778/ACROYT_G006315,17,GO:0007059,chromosome segregation,10v5
GO:0048285,organelle fission,20/159,392/14185,0.05102040816326531,4.551726350917726,7.592488958047781,1.555372192920245e-8,6.846748393234918e-6,6.067588786276239e-6,ACROYT_G001680/ACROYT_G006757/ACROYT_G043168/ACROYT_G011871/ACROYT_G011372/ACROYT_G006374/ACROYT_G020690/ACROYT_G006387/ACROYT_G017013/ACROYT_G001679/ACROYT_G025695/ACROYT_G010184/ACROYT_G025577/ACROYT_G035417/ACROYT_G007708/ACROYT_G029490/ACROYT_G032456/ACROYT_G005778/ACROYT_G033190/ACROYT_G006315,20,NA,NA,10v5
GO:0051321,meiotic cell cycle,18/159,323/14185,0.05572755417956656,4.9716689058940355,7.687627946904741,2.2408562527165313e-8,7.413610303413523e-6,6.5699418408978e-6,ACROYT_G001680/ACROYT_G006757/ACROYT_G043168/ACROYT_G005307/ACROYT_G011372/ACROYT_G006374/ACROYT_G020690/ACROYT_G006387/ACROYT_G017013/ACROYT_G001679/ACROYT_G025577/ACROYT_G035417/ACROYT_G007708/ACROYT_G029490/ACROYT_G005778/ACROYT_G038132/ACROYT_G033190/ACROYT_G004447,18,GO:0022414,reproductive process,10v5
GO:0000775,"chromosome, centromeric region",12/159,131/14185,0.0916030534351145,8.17225983004465,8.780569682416672,2.607067037939449e-8,7.413610303413523e-6,6.5699418408978e-6,ACROYT_G017544/ACROYT_G043168/ACROYT_G005307/ACROYT_G011372/ACROYT_G006387/ACROYT_G017013/ACROYT_G025695/ACROYT_G000625/ACROYT_G032456/ACROYT_G025257/ACROYT_G005778/ACROYT_G028878,12,NA,NA,10v5
GO:0140013,meiotic nuclear division,15/159,221/14185,0.06787330316742081,6.055237769999146,8.064246792171362,2.6946334587600264e-8,7.413610303413523e-6,6.5699418408978e-6,ACROYT_G001680/ACROYT_G006757/ACROYT_G043168/ACROYT_G011372/ACROYT_G006374/ACROYT_G020690/ACROYT_G006387/ACROYT_G017013/ACROYT_G001679/ACROYT_G025577/ACROYT_G035417/ACROYT_G007708/ACROYT_G029490/ACROYT_G005778/ACROYT_G033190,15,GO:0140013;GO:0022414,meiotic nuclear division;reproductive process,10v5
GO:0140014,mitotic nuclear division,14/159,195/14185,0.07179487179487179,6.405095952265763,8.09175756746963,3.960400559311136e-8,9.685379590048678e-6,8.583183902226357e-6,ACROYT_G043168/ACROYT_G011871/ACROYT_G011372/ACROYT_G006387/ACROYT_G017013/ACROYT_G025695/ACROYT_G010184/ACROYT_G025577/ACROYT_G035417/ACROYT_G007708/ACROYT_G029490/ACROYT_G032456/ACROYT_G005778/ACROYT_G006315,14,GO:0140014,mitotic nuclear division,10v5
GO:0000819,sister chromatid segregation,13/159,166/14185,0.0783132530120482,6.986625748276123,8.260543861771565,4.429112051898565e-8,9.748475626228742e-6,8.639099612808465e-6,ACROYT_G043168/ACROYT_G011372/ACROYT_G006387/ACROYT_G017013/ACROYT_G025695/ACROYT_G010184/ACROYT_G025577/ACROYT_G035417/ACROYT_G007708/ACROYT_G029490/ACROYT_G032456/ACROYT_G005778/ACROYT_G006315,13,GO:0007059,chromosome segregation,10v5
GO:0031145,anaphase-promoting complex-dependent catabolic process,7/159,35/14185,0.2,17.842767295597483,10.621852266835369,1.0061230717410299e-7,1.8665523079887796e-5,1.6541387535346176e-5,ACROYT_G012516/ACROYT_G001680/ACROYT_G006757/ACROYT_G011372/ACROYT_G017013/ACROYT_G001679/ACROYT_G009874,7,GO:0030163,protein catabolic process,10v5
GO:0000793,condensed chromosome,12/159,148/14185,0.08108108108108109,7.233554309026007,8.116344294515303,1.0176568694168721e-7,1.8665523079887796e-5,1.6541387535346176e-5,ACROYT_G017544/ACROYT_G031817/ACROYT_G043168/ACROYT_G005307/ACROYT_G011372/ACROYT_G006387/ACROYT_G017013/ACROYT_G025695/ACROYT_G000625/ACROYT_G032456/ACROYT_G025257/ACROYT_G005778,12,GO:0043226;GO:0005694,organelle;chromosome,10v5
GO:0006260,DNA replication,13/159,182/14185,0.07142857142857142,6.372416891284815,7.766509210971255,1.3115467332927465e-7,2.2188658458454596e-5,1.9663590293176004e-5,ACROYT_G020243/ACROYT_G009087/ACROYT_G006757/ACROYT_G001909/ACROYT_G006374/ACROYT_G007652/ACROYT_G011400/ACROYT_G043362/ACROYT_G039442/ACROYT_G041592/ACROYT_G009537/ACROYT_G039131/ACROYT_G006315,13,GO:0006260,DNA replication,10v5
GO:0051983,regulation of chromosome segregation,11/159,124/14185,0.08870967741935484,7.914130655305336,8.2332504529846,1.411364009170215e-7,2.2188658458454596e-5,1.9663590293176004e-5,ACROYT_G012516/ACROYT_G031817/ACROYT_G005307/ACROYT_G020690/ACROYT_G017013/ACROYT_G013715/ACROYT_G010184/ACROYT_G025577/ACROYT_G029490/ACROYT_G009874/ACROYT_G032456,11,NA,NA,10v5
GO:0010965,regulation of mitotic sister chromatid separation,8/159,55/14185,0.14545454545454545,12.976558033161805,9.474870726202196,1.626581174535146e-7,2.386736776767904e-5,2.1151262571323687e-5,ACROYT_G012516/ACROYT_G031817/ACROYT_G020690/ACROYT_G017013/ACROYT_G010184/ACROYT_G029490/ACROYT_G009874/ACROYT_G032456,8,NA,NA,10v5
GO:1903046,meiotic cell cycle process,16/159,294/14185,0.05442176870748299,4.855174774312241,7.11184016124139,1.964297262371788e-7,2.574865749160858e-5,2.28184616236403e-5,ACROYT_G001680/ACROYT_G006757/ACROYT_G043168/ACROYT_G011372/ACROYT_G006374/ACROYT_G020690/ACROYT_G006387/ACROYT_G017013/ACROYT_G001679/ACROYT_G025577/ACROYT_G035417/ACROYT_G007708/ACROYT_G029490/ACROYT_G005778/ACROYT_G033190/ACROYT_G004447,16,GO:0022414,reproductive process,10v5
GO:0045842,positive regulation of mitotic metaphase/anaphase transition,5/159,13/14185,0.38461538461538464,34.313014029995166,12.793843626288206,1.988765003895256e-7,2.574865749160858e-5,2.28184616236403e-5,ACROYT_G031817/ACROYT_G010184/ACROYT_G029490/ACROYT_G009874/ACROYT_G032456,5,NA,NA,10v5
GO:0032436,positive regulation of proteasomal ubiquitin-dependent protein catabolic process,10/159,105/14185,0.09523809523809525,8.496555855046422,8.208921629354505,2.7287421287985273e-7,3.3366452363808655e-5,2.956935184013843e-5,ACROYT_G031817/ACROYT_G006757/ACROYT_G011372/ACROYT_G009718/ACROYT_G017013/ACROYT_G018411/ACROYT_G010184/ACROYT_G029490/ACROYT_G009874/ACROYT_G032456,10,NA,NA,10v5
GO:1901970,positive regulation of mitotic sister chromatid separation,5/159,14/14185,0.35714285714285715,31.86208445642408,12.300422539118092,3.0656814789203345e-7,3.55134996584403e-5,3.1472065265592125e-5,ACROYT_G031817/ACROYT_G010184/ACROYT_G029490/ACROYT_G009874/ACROYT_G032456,5,NA,NA,10v5
GO:1905818,regulation of chromosome separation,8/159,63/14185,0.12698412698412698,11.328741140061894,8.747834752023252,4.795915521835883e-7,5.2779050317803896e-5,4.677279716822048e-5,ACROYT_G012516/ACROYT_G031817/ACROYT_G020690/ACROYT_G017013/ACROYT_G010184/ACROYT_G029490/ACROYT_G009874/ACROYT_G032456,8,NA,NA,10v5
GO:0045132,meiotic chromosome segregation,9/159,87/14185,0.10344827586206896,9.229017566688354,8.19709312073516,5.413210647057792e-7,5.673560301987714e-5,5.02790943809428e-5,ACROYT_G043168/ACROYT_G006374/ACROYT_G020690/ACROYT_G017013/ACROYT_G025577/ACROYT_G035417/ACROYT_G000625/ACROYT_G029490/ACROYT_G005778,9,GO:0007059;GO:0022414,chromosome segregation;reproductive process,10v5
GO:0007143,female meiotic nuclear division,8/159,67/14185,0.11940298507462686,10.652398385431333,8.431737104275344,7.77631500862038e-7,7.779849697260662e-5,6.894503210992136e-5,ACROYT_G001680/ACROYT_G011372/ACROYT_G020690/ACROYT_G006387/ACROYT_G017013/ACROYT_G001679/ACROYT_G007708/ACROYT_G005778,8,GO:0022414;GO:0140013,reproductive process;meiotic nuclear division,10v5
GO:0051233,spindle midzone,7/159,47/14185,0.14893617021276595,13.287167135019402,8.983337417373134,8.406514513566957e-7,8.044668888852552e-5,7.129185992512388e-5,ACROYT_G011372/ACROYT_G020690/ACROYT_G005718/ACROYT_G017013/ACROYT_G007708/ACROYT_G032456/ACROYT_G028878,7,NA,NA,10v5
GO:0007052,mitotic spindle organization,10/159,122/14185,0.08196721311475409,7.3126095473760175,7.45557015145605,1.1077303785905017e-6,9.539190570903064e-5,8.45363118576885e-5,ACROYT_G011871/ACROYT_G011372/ACROYT_G020690/ACROYT_G005718/ACROYT_G017013/ACROYT_G010184/ACROYT_G000625/ACROYT_G007708/ACROYT_G032456/ACROYT_G025257,10,GO:0007010,cytoskeleton organization,10v5
GO:1901800,positive regulation of proteasomal protein catabolic process,10/159,122/14185,0.08196721311475409,7.3126095473760175,7.45557015145605,1.1077303785905017e-6,9.539190570903064e-5,8.45363118576885e-5,ACROYT_G031817/ACROYT_G006757/ACROYT_G011372/ACROYT_G009718/ACROYT_G017013/ACROYT_G018411/ACROYT_G010184/ACROYT_G029490/ACROYT_G009874/ACROYT_G032456,10,NA,NA,10v5
GO:0030071,regulation of mitotic metaphase/anaphase transition,7/159,49/14185,0.14285714285714285,12.74483378256963,8.768244526383025,1.1268466826146282e-6,9.539190570903064e-5,8.45363118576885e-5,ACROYT_G012516/ACROYT_G031817/ACROYT_G017013/ACROYT_G010184/ACROYT_G029490/ACROYT_G009874/ACROYT_G032456,7,NA,NA,10v5
GO:1902101,positive regulation of metaphase/anaphase transition of cell cycle,5/159,18/14185,0.2777777777777778,24.781621243885397,10.749042248245985,1.265268536487306e-6,1.0314281662253928e-4,9.14051695169972e-5,ACROYT_G031817/ACROYT_G010184/ACROYT_G029490/ACROYT_G009874/ACROYT_G032456,5,NA,NA,10v5
GO:1905820,positive regulation of chromosome separation,5/159,19/14185,0.2631578947368421,23.477325388944056,10.438277072359536,1.701650622942927e-6,1.291494145205994e-4,1.1445221794240447e-4,ACROYT_G031817/ACROYT_G010184/ACROYT_G029490/ACROYT_G009874/ACROYT_G032456,5,NA,NA,10v5
GO:0033045,regulation of sister chromatid segregation,9/159,103/14185,0.08737864077669903,7.795383769921231,7.369388242445138,2.2739025466901795e-6,1.5695699669887375e-4,1.3909529873168324e-4,ACROYT_G012516/ACROYT_G031817/ACROYT_G020690/ACROYT_G017013/ACROYT_G010184/ACROYT_G025577/ACROYT_G029490/ACROYT_G009874/ACROYT_G032456,9,NA,NA,10v5
GO:1903052,positive regulation of proteolysis involved in protein catabolic process,10/159,132/14185,0.07575757575757576,6.758623975605109,7.077048464396491,2.279128499764982e-6,1.5695699669887375e-4,1.3909529873168324e-4,ACROYT_G031817/ACROYT_G006757/ACROYT_G011372/ACROYT_G009718/ACROYT_G017013/ACROYT_G018411/ACROYT_G010184/ACROYT_G029490/ACROYT_G009874/ACROYT_G032456,10,NA,NA,10v5
GO:0033047,regulation of mitotic sister chromatid segregation,8/159,77/14185,0.1038961038961039,9.268970023687006,7.746313348961324,2.2819736003470966e-6,1.5695699669887375e-4,1.3909529873168324e-4,ACROYT_G012516/ACROYT_G031817/ACROYT_G020690/ACROYT_G017013/ACROYT_G010184/ACROYT_G029490/ACROYT_G009874/ACROYT_G032456,8,NA,NA,10v5
GO:0098687,chromosomal region,13/159,239/14185,0.05439330543933055,4.852635456961659,6.395331243179296,2.9101967900063656e-6,1.9410130711527304e-4,1.720125885767718e-4,ACROYT_G017544/ACROYT_G031817/ACROYT_G043168/ACROYT_G005307/ACROYT_G011372/ACROYT_G006387/ACROYT_G017013/ACROYT_G036895/ACROYT_G025695/ACROYT_G000625/ACROYT_G032456/ACROYT_G025257/ACROYT_G005778,13,NA,NA,10v5
GO:0051255,spindle midzone assembly,4/159,10/14185,0.4,35.685534591194966,11.68201783243486,3.028981701615321e-6,1.960820213310389e-4,1.7376789761898418e-4,ACROYT_G011372/ACROYT_G020690/ACROYT_G017013/ACROYT_G007708,4,NA,NA,10v5
GO:1902099,regulation of metaphase/anaphase transition of cell cycle,7/159,57/14185,0.12280701754385964,10.956085181507229,8.01893502530689,3.2173789395683234e-6,2.02327172742568e-4,1.7930235112842413e-4,ACROYT_G012516/ACROYT_G031817/ACROYT_G017013/ACROYT_G010184/ACROYT_G029490/ACROYT_G009874/ACROYT_G032456,7,NA,NA,10v5
GO:0062033,positive regulation of mitotic sister chromatid segregation,5/159,23/14185,0.21739130434782608,19.394312277823353,9.39974743023165,4.748913894557581e-6,2.9034331894225654e-4,2.5730226452091217e-4,ACROYT_G031817/ACROYT_G010184/ACROYT_G029490/ACROYT_G009874/ACROYT_G032456,5,NA,NA,10v5
GO:0000779,"condensed chromosome, centromeric region",6/159,42/14185,0.14285714285714285,12.74483378256963,8.115807839181405,6.781049184725847e-6,4.0338079069139425e-4,3.574760779316356e-4,ACROYT_G011372/ACROYT_G017013/ACROYT_G025695/ACROYT_G000625/ACROYT_G032456/ACROYT_G025257,6,NA,NA,10v5
GO:0019866,organelle inner membrane,15/159,343/14185,0.04373177842565597,3.90147972935805,5.7915950004429435,7.244578969615671e-6,4.196136397927392e-4,3.718616296592199e-4,ACROYT_G002619/ACROYT_G032710/ACROYT_G039803/ACROYT_G008089/ACROYT_G031846/ACROYT_G013502/ACROYT_G006428/ACROYT_G019581/ACROYT_G040979/ACROYT_G004649/ACROYT_G032843/ACROYT_G038478/ACROYT_G002760/ACROYT_G030553/ACROYT_G032847,15,NA,NA,10v5
GO:0044770,cell cycle phase transition,12/159,228/14185,0.05263157894736842,4.695465077788811,5.989236918439301,9.918703133720477e-6,5.527463195179018e-4,4.898438174354585e-4,ACROYT_G001680/ACROYT_G009087/ACROYT_G006757/ACROYT_G011372/ACROYT_G020690/ACROYT_G017013/ACROYT_G001679/ACROYT_G043362/ACROYT_G025577/ACROYT_G041592/ACROYT_G032456/ACROYT_G006315,12,NA,NA,10v5
GO:0007056,spindle assembly involved in female meiosis,4/159,13/14185,0.3076923076923077,27.45041122399613,10.158265017573196,1.0045367006231749e-5,5.527463195179018e-4,4.898438174354585e-4,ACROYT_G001680/ACROYT_G011372/ACROYT_G017013/ACROYT_G001679,4,GO:0007010;GO:0022414,cytoskeleton organization;reproductive process,10v5
GO:0007051,spindle organization,11/159,192/14185,0.05729166666666666,5.111209381551363,6.106548337344098,1.0624458514968298e-5,5.703520290596396e-4,5.054459981575418e-4,ACROYT_G001680/ACROYT_G011871/ACROYT_G011372/ACROYT_G020690/ACROYT_G005718/ACROYT_G006387/ACROYT_G017013/ACROYT_G001679/ACROYT_G007708/ACROYT_G032456/ACROYT_G025257,11,GO:0007010,cytoskeleton organization,10v5
GO:0033108,mitochondrial respiratory chain complex assembly,7/159,70/14185,0.1,8.921383647798741,7.073602197075964,1.291447645048848e-5,6.767800635125035e-4,5.997625278886003e-4,ACROYT_G031846/ACROYT_G013502/ACROYT_G036614/ACROYT_G025351/ACROYT_G032843/ACROYT_G030553/ACROYT_G032847,7,GO:0065003,protein-containing complex assembly,10v5
GO:0007005,mitochondrion organization,15/159,374/14185,0.04010695187165775,3.578095045908586,5.379639440985916,2.019558686108347e-5,0.00103373224840104,9.160935729152428e-4,ACROYT_G003176/ACROYT_G002619/ACROYT_G009762/ACROYT_G032710/ACROYT_G009087/ACROYT_G043964/ACROYT_G031846/ACROYT_G013502/ACROYT_G036614/ACROYT_G000004/ACROYT_G025351/ACROYT_G021504/ACROYT_G032843/ACROYT_G030553/ACROYT_G032847,15,GO:0007005,mitochondrion organization,10v5
GO:0051785,positive regulation of nuclear division,7/159,77/14185,0.09090909090909093,8.110348770726128,6.660925053624477,2.426343222723343e-5,0.00121372305300319,0.00107560143342257,ACROYT_G031817/ACROYT_G006757/ACROYT_G011372/ACROYT_G010184/ACROYT_G029490/ACROYT_G009874/ACROYT_G032456,7,NA,NA,10v5
GO:0007088,regulation of mitotic nuclear division,10/159,173/14185,0.05780346820809248,5.156869160577307,5.85693424801308,2.5049283685110457e-5,0.00122518829757618,0.0010857619337663,ACROYT_G012516/ACROYT_G031817/ACROYT_G005307/ACROYT_G011372/ACROYT_G020690/ACROYT_G017013/ACROYT_G010184/ACROYT_G029490/ACROYT_G009874/ACROYT_G032456,10,NA,NA,10v5
GO:0005743,mitochondrial inner membrane,14/159,340/14185,0.04117647058823529,3.673510913799482,5.312585663707633,2.8912627416604287e-5,0.00138340636834665,0.00122597479640658,ACROYT_G002619/ACROYT_G032710/ACROYT_G039803/ACROYT_G008089/ACROYT_G031846/ACROYT_G013502/ACROYT_G006428/ACROYT_G019581/ACROYT_G004649/ACROYT_G032843/ACROYT_G038478/ACROYT_G002760/ACROYT_G030553/ACROYT_G032847,14,NA,NA,10v5
GO:0045840,positive regulation of mitotic nuclear division,6/159,54/14185,0.1111111111111111,9.912648497554155,6.986315860712458,2.988282569361088e-5,0.00139940636918377,0.00124015399799016,ACROYT_G031817/ACROYT_G011372/ACROYT_G010184/ACROYT_G029490/ACROYT_G009874/ACROYT_G032456,6,NA,NA,10v5
GO:0051783,regulation of nuclear division,11/159,216/14185,0.05092592592592592,4.543297228045655,5.5870532104770785,3.186539093092514e-5,0.00145028769004457,0.00128524502721375,ACROYT_G012516/ACROYT_G031817/ACROYT_G006757/ACROYT_G005307/ACROYT_G011372/ACROYT_G020690/ACROYT_G017013/ACROYT_G010184/ACROYT_G029490/ACROYT_G009874/ACROYT_G032456,11,NA,NA,10v5
GO:0051383,kinetochore organization,4/159,17/14185,0.2352941176470588,20.99149093599704,8.781048525525721,3.228718619363205e-5,0.00145028769004457,0.00128524502721375,ACROYT_G043168/ACROYT_G000625/ACROYT_G029490/ACROYT_G032456,4,NA,NA,10v5
GO:0045732,positive regulation of protein catabolic process,11/159,218/14185,0.05045871559633028,4.501615602100283,5.547229770917173,3.467918303641097e-5,0.00152657763726281,0.00135285318245199,ACROYT_G031817/ACROYT_G006757/ACROYT_G011372/ACROYT_G009718/ACROYT_G017013/ACROYT_G018411/ACROYT_G010184/ACROYT_G029490/ACROYT_G009874/ACROYT_G032456/ACROYT_G030553,11,NA,NA,10v5
GO:0005740,mitochondrial envelope,17/159,493/14185,0.03448275862068965,3.076339188896118,4.995964244342653,3.864174854177387e-5,0.00166765663804792,0.00147787740036959,ACROYT_G002619/ACROYT_G009762/ACROYT_G032710/ACROYT_G039803/ACROYT_G008089/ACROYT_G031846/ACROYT_G013502/ACROYT_G006428/ACROYT_G019581/ACROYT_G025351/ACROYT_G004649/ACROYT_G032843/ACROYT_G003439/ACROYT_G038478/ACROYT_G002760/ACROYT_G030553/ACROYT_G032847,17,NA,NA,10v5
GO:1990023,mitotic spindle midzone,4/159,18/14185,0.2222222222222222,19.82529699510831,8.508835905719659,4.11505912385305e-5,0.00174177790992318,0.00154356367540479,ACROYT_G005718/ACROYT_G017013/ACROYT_G007708/ACROYT_G032456,4,NA,NA,10v5
GO:0051984,positive regulation of chromosome segregation,5/159,36/14185,0.1388888888888889,12.390810621942698,7.285745803373546,4.730222516856483e-5,0.00192800365918539,0.00170859694419786,ACROYT_G031817/ACROYT_G010184/ACROYT_G029490/ACROYT_G009874/ACROYT_G032456,5,NA,NA,10v5
GO:1901992,positive regulation of mitotic cell cycle phase transition,7/159,86/14185,0.08139534883720931,7.261591341231534,6.201129440629137,4.983519118268573e-5,0.00199431374169256,0.00176736094280414,ACROYT_G031817/ACROYT_G006757/ACROYT_G011400/ACROYT_G010184/ACROYT_G029490/ACROYT_G009874/ACROYT_G032456,7,NA,NA,10v5
GO:0051225,spindle assembly,8/159,118/14185,0.06779661016949153,6.048395693422876,5.863064253876474,5.383563434981892e-5,0.00207881107375353,0.00184224248292178,ACROYT_G001680/ACROYT_G011871/ACROYT_G011372/ACROYT_G020690/ACROYT_G006387/ACROYT_G017013/ACROYT_G001679/ACROYT_G007708,8,GO:0007010,cytoskeleton organization,10v5
GO:0030261,chromosome condensation,7/159,89/14185,0.07865168539325842,7.016818599392269,6.062405502861825,6.213808478037998e-5,0.00235803318278648,0.002089689130636,ACROYT_G006757/ACROYT_G043168/ACROYT_G011372/ACROYT_G011400/ACROYT_G035417/ACROYT_G005778/ACROYT_G006315,7,NA,NA,10v5
GO:0006783,heme biosynthetic process,4/159,20/14185,0.2,17.842767295597483,8.02511312198537,6.402578785543184e-5,0.0023884874418611,0.00211667769663006,ACROYT_G032710/ACROYT_G008089/ACROYT_G000004/ACROYT_G004649,4,NA,NA,10v5
GO:0005876,spindle microtubule,6/159,65/14185,0.09230769230769233,8.23512336719884,6.224669205407241,8.6351011789724e-5,0.00316764294915304,0.00280716534818172,ACROYT_G006757/ACROYT_G011372/ACROYT_G020690/ACROYT_G017013/ACROYT_G007708/ACROYT_G032456,6,NA,NA,10v5
GO:1901990,regulation of mitotic cell cycle phase transition,13/159,330/14185,0.03939393939393939,3.514484467314656,4.920776820493848,8.815778654397774e-5,0.00318090636366057,0.00281891938681606,ACROYT_G012516/ACROYT_G031817/ACROYT_G006757/ACROYT_G011871/ACROYT_G011372/ACROYT_G011400/ACROYT_G017013/ACROYT_G039442/ACROYT_G010184/ACROYT_G029490/ACROYT_G009874/ACROYT_G032456/ACROYT_G033190,13,NA,NA,10v5
GO:0042168,heme metabolic process,5/159,41/14185,0.12195121951219512,10.879736155852124,6.745003158160561,8.987878243086661e-5,0.00319069677629576,0.00282759565100841,ACROYT_G032710/ACROYT_G008089/ACROYT_G000004/ACROYT_G004649/ACROYT_G033380,5,NA,NA,10v5
GO:0000075,cell cycle checkpoint signaling,9/159,163/14185,0.05521472392638037,4.925917351545317,5.367363142586931,9.15108795804611e-5,0.0031970705707396,0.00283324410797985,ACROYT_G006757/ACROYT_G011372/ACROYT_G017013/ACROYT_G025695/ACROYT_G039442/ACROYT_G025577/ACROYT_G035417/ACROYT_G032456/ACROYT_G033190,9,NA,NA,10v5
GO:0006261,DNA-templated DNA replication,8/159,130/14185,0.06153846153846154,5.490082244799226,5.4757240465815595,1.0673313660801842e-4,0.00364033554570224,0.00322606555211088,ACROYT_G020243/ACROYT_G009087/ACROYT_G006374/ACROYT_G011400/ACROYT_G041592/ACROYT_G009537/ACROYT_G039131/ACROYT_G006315,8,GO:0006260,DNA replication,10v5
GO:0051781,positive regulation of cell division,7/159,97/14185,0.07216494845360824,6.438111910782597,5.721901041005646,1.0750650180401902e-4,0.00364033554570224,0.00322606555211088,ACROYT_G031817/ACROYT_G011372/ACROYT_G010184/ACROYT_G007708/ACROYT_G029490/ACROYT_G009874/ACROYT_G032456,7,NA,NA,10v5
GO:0006779,porphyrin-containing compound biosynthetic process,4/159,23/14185,0.17391304347826086,15.515449822258685,7.417595184024896,1.1399050854641089e-4,0.00365876579371636,0.00324239843887057,ACROYT_G032710/ACROYT_G008089/ACROYT_G000004/ACROYT_G004649,4,NA,NA,10v5
GO:0033014,tetrapyrrole biosynthetic process,4/159,23/14185,0.17391304347826086,15.515449822258685,7.417595184024896,1.1399050854641089e-4,0.00365876579371636,0.00324239843887057,ACROYT_G032710/ACROYT_G008089/ACROYT_G000004/ACROYT_G004649,4,NA,NA,10v5
GO:0007127,meiosis I,7/159,98/14185,0.07142857142857142,6.372416891284815,5.682042693828616,1.1470006350133094e-4,0.00365876579371636,0.00324239843887057,ACROYT_G001680/ACROYT_G011372/ACROYT_G006374/ACROYT_G017013/ACROYT_G001679/ACROYT_G035417/ACROYT_G033190,7,GO:0022414;GO:0140013,reproductive process;meiotic nuclear division,10v5
GO:1901989,positive regulation of cell cycle phase transition,7/159,98/14185,0.07142857142857142,6.372416891284815,5.682042693828616,1.1470006350133094e-4,0.00365876579371636,0.00324239843887057,ACROYT_G031817/ACROYT_G006757/ACROYT_G011400/ACROYT_G010184/ACROYT_G029490/ACROYT_G009874/ACROYT_G032456,7,NA,NA,10v5
GO:0006778,porphyrin-containing compound metabolic process,5/159,44/14185,0.11363636363636365,10.13793596340766,6.463464883211349,1.2677256556754962e-4,0.00397192710798122,0.00351992201204677,ACROYT_G032710/ACROYT_G008089/ACROYT_G000004/ACROYT_G004649/ACROYT_G033380,5,NA,NA,10v5
GO:0071103,DNA conformation change,10/159,210/14185,0.04761904761904761,4.248277927523211,5.049145970549808,1.2812668090262015e-4,0.00397192710798122,0.00351992201204677,ACROYT_G006757/ACROYT_G043168/ACROYT_G011372/ACROYT_G006374/ACROYT_G011400/ACROYT_G036895/ACROYT_G043362/ACROYT_G035417/ACROYT_G005778/ACROYT_G006315,10,NA,NA,10v5
GO:0007093,mitotic cell cycle checkpoint signaling,8/159,134/14185,0.05970149253731343,5.326199192715666,5.357180759778517,1.3185986091229603e-4,0.0040308826926106,0.00357216845424685,ACROYT_G006757/ACROYT_G011372/ACROYT_G017013/ACROYT_G025695/ACROYT_G039442/ACROYT_G035417/ACROYT_G032456/ACROYT_G033190,8,NA,NA,10v5
GO:0072686,mitotic spindle,7/159,101/14185,0.06930693069306931,6.183137181642693,5.565720438470266,1.38661916155859e-4,0.00418075174601432,0.00370498241725748,ACROYT_G006757/ACROYT_G011871/ACROYT_G011372/ACROYT_G020690/ACROYT_G017013/ACROYT_G007708/ACROYT_G032456,7,GO:0043226,organelle,10v5
GO:0044772,mitotic cell cycle phase transition,10/159,213/14185,0.04694835680751173,4.18844302713556,4.991949469446512,1.439331451353774e-4,0.00428103854652656,0.00379385658514728,ACROYT_G001680/ACROYT_G009087/ACROYT_G006757/ACROYT_G011372/ACROYT_G020690/ACROYT_G017013/ACROYT_G001679/ACROYT_G043362/ACROYT_G041592/ACROYT_G032456,10,NA,NA,10v5
GO:0016321,female meiosis chromosome segregation,3/159,10/14185,0.3,26.764150943396228,8.67731388042963,1.565282339110945e-4,0.00459358190451092,0.0040708325254352,ACROYT_G020690/ACROYT_G017013/ACROYT_G005778,3,GO:0007059;GO:0022414,chromosome segregation;reproductive process,10v5
GO:1901987,regulation of cell cycle phase transition,13/159,356/14185,0.03651685393258427,3.2578086354321245,4.593542581721155,1.8726941199088143e-4,0.00532516360698137,0.00471916026865132,ACROYT_G012516/ACROYT_G031817/ACROYT_G006757/ACROYT_G011871/ACROYT_G011372/ACROYT_G011400/ACROYT_G017013/ACROYT_G039442/ACROYT_G010184/ACROYT_G029490/ACROYT_G009874/ACROYT_G032456/ACROYT_G033190,13,NA,NA,10v5
GO:0090306,meiotic spindle assembly,4/159,26/14185,0.15384615384615383,13.725205611998064,6.914586240285417,1.8747848930010123e-4,0.00532516360698137,0.00471916026865132,ACROYT_G001680/ACROYT_G011372/ACROYT_G017013/ACROYT_G001679,4,GO:0007010;GO:0022414,cytoskeleton organization;reproductive process,10v5
GO:0031966,mitochondrial membrane,15/159,456/14185,0.03289473684210526,2.934665673618007,4.470950906709295,1.8871547539506928e-4,0.00532516360698137,0.00471916026865132,ACROYT_G002619/ACROYT_G032710/ACROYT_G039803/ACROYT_G008089/ACROYT_G031846/ACROYT_G013502/ACROYT_G006428/ACROYT_G019581/ACROYT_G004649/ACROYT_G032843/ACROYT_G003439/ACROYT_G038478/ACROYT_G002760/ACROYT_G030553/ACROYT_G032847,15,NA,NA,10v5
GO:0009263,deoxyribonucleotide biosynthetic process,3/159,11/14185,0.2727272727272727,24.331046312178387,8.241672449823282,2.134569645122767e-4,0.00587273473614401,0.00520441783212169,ACROYT_G009087/ACROYT_G019824/ACROYT_G007652,3,GO:0055086;GO:1901135,nucleobase-containing small molecule metabolic process;carbohydrate derivative metabolic process,10v5
GO:0035046,pronuclear migration,3/159,11/14185,0.2727272727272727,24.331046312178387,8.241672449823282,2.134569645122767e-4,0.00587273473614401,0.00520441783212169,ACROYT_G017013/ACROYT_G007708/ACROYT_G029490,3,NA,NA,10v5
GO:0045931,positive regulation of mitotic cell cycle,9/159,185/14185,0.04864864864864865,4.3401325854156045,4.868739729261986,2.3846548996156672e-4,0.0064125823188775,0.00568283078834023,ACROYT_G031817/ACROYT_G006757/ACROYT_G011372/ACROYT_G018461/ACROYT_G011400/ACROYT_G010184/ACROYT_G029490/ACROYT_G009874/ACROYT_G032456,9,NA,NA,10v5
GO:0045787,positive regulation of cell cycle,13/159,365/14185,0.03561643835616438,3.1774791074351683,4.4872205258779365,2.389058383225604e-4,0.0064125823188775,0.00568283078834023,ACROYT_G001680/ACROYT_G031817/ACROYT_G006757/ACROYT_G011372/ACROYT_G018461/ACROYT_G011400/ACROYT_G001679/ACROYT_G010184/ACROYT_G007708/ACROYT_G041592/ACROYT_G029490/ACROYT_G009874/ACROYT_G032456,13,NA,NA,10v5
GO:0046148,pigment biosynthetic process,6/159,81/14185,0.07407407407407407,6.6084323317027716,5.389442592514792,2.928361794822409e-4,0.0077654509763905,0.00688174306379952,ACROYT_G032710/ACROYT_G008089/ACROYT_G026623/ACROYT_G000004/ACROYT_G004649/ACROYT_G025463,6,NA,NA,10v5
GO:0000212,meiotic spindle organization,5/159,53/14185,0.09433962264150944,8.416399667734664,5.7591746955269665,3.088994611727799e-4,0.00809390135763438,0.00717281580893685,ACROYT_G001680/ACROYT_G011372/ACROYT_G020690/ACROYT_G017013/ACROYT_G001679,5,GO:0007010;GO:0022414,cytoskeleton organization;reproductive process,10v5
GO:0005828,kinetochore microtubule,3/159,13/14185,0.2307692307692308,20.5878084179971,7.522686408858184,3.6393833475082223e-4,0.00910259403166545,0.00806671930972815,ACROYT_G017013/ACROYT_G007708/ACROYT_G032456,3,NA,NA,10v5
GO:0007144,female meiosis I,3/159,13/14185,0.2307692307692308,20.5878084179971,7.522686408858184,3.6393833475082223e-4,0.00910259403166545,0.00806671930972815,ACROYT_G001680/ACROYT_G011372/ACROYT_G001679,3,GO:0022414;GO:0140013,reproductive process;meiotic nuclear division,10v5
GO:0035186,syncytial blastoderm mitotic cell cycle,3/159,13/14185,0.2307692307692308,20.5878084179971,7.522686408858184,3.6393833475082223e-4,0.00910259403166545,0.00806671930972815,ACROYT_G001680/ACROYT_G001679/ACROYT_G029490,3,GO:0000278,mitotic cell cycle,10v5
GO:0051315,attachment of mitotic spindle microtubules to kinetochore,3/159,13/14185,0.2307692307692308,20.5878084179971,7.522686408858184,3.6393833475082223e-4,0.00910259403166545,0.00806671930972815,ACROYT_G017013/ACROYT_G000625/ACROYT_G032456,3,NA,NA,10v5
GO:0017004,cytochrome complex assembly,4/159,31/14185,0.12903225806451613,11.511462771353216,6.23785699167276,3.777576003324889e-4,0.00934207279024503,0.0082789453981798,ACROYT_G031846/ACROYT_G004649/ACROYT_G038478/ACROYT_G030553,4,GO:0065003,protein-containing complex assembly,10v5
GO:0061982,meiosis I cell cycle process,8/159,158/14185,0.05063291139240506,4.5171562773664515,4.733352157873477,4.061134654505302e-4,0.00993173041618463,0.00880150001730798,ACROYT_G001680/ACROYT_G011372/ACROYT_G006374/ACROYT_G017013/ACROYT_G001679/ACROYT_G035417/ACROYT_G033190/ACROYT_G004447,8,GO:0022414,reproductive process,10v5
GO:0009060,aerobic respiration,5/159,57/14185,0.08771929824561403,7.82577512964802,5.497687722044672,4.347820987990997e-4,0.01051599340062437,0.00931927390485519,ACROYT_G036614/ACROYT_G000004/ACROYT_G004649/ACROYT_G038478/ACROYT_G005778,5,GO:0006091,generation of precursor metabolites and energy,10v5
GO:0031570,DNA integrity checkpoint signaling,7/159,125/14185,0.056,4.995974842767295,4.777669434356741,5.139988003972332e-4,0.01229686260515554,0.01089748028759808,ACROYT_G006757/ACROYT_G011372/ACROYT_G017013/ACROYT_G039442/ACROYT_G025577/ACROYT_G035417/ACROYT_G033190,7,NA,NA,10v5
GO:0000776,kinetochore,6/159,91/14185,0.06593406593406594,5.882230976570599,4.974539579430057,5.486852965562208e-4,0.01298555201849722,0.01150779688193183,ACROYT_G006387/ACROYT_G017013/ACROYT_G025695/ACROYT_G000625/ACROYT_G032456/ACROYT_G025257,6,GO:0043226,organelle,10v5
GO:0035173,histone kinase activity,3/159,15/14185,0.2,17.842767295597483,6.948725550121204,5.695290824575475e-4,0.01305764073426106,0.01157168190563416,ACROYT_G017544/ACROYT_G006757/ACROYT_G011372,3,GO:0003824;GO:0016740;GO:0140096,"catalytic activity;transferase activity;catalytic activity, acting on a protein",10v5
GO:0051305,chromosome movement towards spindle pole,3/159,15/14185,0.2,17.842767295597483,6.948725550121204,5.695290824575475e-4,0.01305764073426106,0.01157168190563416,ACROYT_G006387/ACROYT_G010184/ACROYT_G032456,3,GO:0007018,microtubule-based movement,10v5
GO:0051303,establishment of chromosome localization,5/159,63/14185,0.07936507936507936,7.080463212538684,5.149793830415049,6.915623917892243e-4,0.01569204973534106,0.01390629530098136,ACROYT_G006387/ACROYT_G017013/ACROYT_G010184/ACROYT_G035417/ACROYT_G032456,5,NA,NA,10v5
GO:1902850,microtubule cytoskeleton organization involved in mitosis,8/159,174/14185,0.04597701149425287,4.101785585194824,4.3831147147681,7.687129669431824e-4,0.01726466571675453,0.01529994766644164,ACROYT_G011871/ACROYT_G011372/ACROYT_G020690/ACROYT_G005718/ACROYT_G017013/ACROYT_G007708/ACROYT_G032456/ACROYT_G025257,8,GO:0007010,cytoskeleton organization,10v5
GO:0050000,chromosome localization,5/159,68/14185,0.07352941176470588,6.559840917499075,4.8930158272670825,9.806268692737147e-4,0.02171557364650636,0.01924434250793959,ACROYT_G006387/ACROYT_G017013/ACROYT_G010184/ACROYT_G035417/ACROYT_G032456,5,NA,NA,10v5
GO:0016538,cyclin-dependent protein serine/threonine kinase regulator activity,3/159,18/14185,0.16666666666666666,14.868972746331236,6.268629563193333,9.964892950009734e-4,0.02171557364650636,0.01924434250793959,ACROYT_G001680/ACROYT_G001679/ACROYT_G029490,3,GO:0098772,molecular function regulator activity,10v5
GO:0033301,cell cycle comprising mitosis without cytokinesis,3/159,18/14185,0.16666666666666666,14.868972746331236,6.268629563193333,9.964892950009734e-4,0.02171557364650636,0.01924434250793959,ACROYT_G001680/ACROYT_G001679/ACROYT_G029490,3,GO:0000278,mitotic cell cycle,10v5
GO:0045862,positive regulation of proteolysis,12/159,373/14185,0.032171581769437,2.8701502352167534,3.897028962520601,0.00101696932459567,0.02194460277877538,0.01944730813700508,ACROYT_G031817/ACROYT_G009087/ACROYT_G006757/ACROYT_G011372/ACROYT_G009718/ACROYT_G019824/ACROYT_G017013/ACROYT_G018411/ACROYT_G010184/ACROYT_G029490/ACROYT_G009874/ACROYT_G032456,12,NA,NA,10v5
GO:0006281,DNA repair,12/159,377/14185,0.03183023872679045,2.839697712827186,3.8546305626113297,0.00111450787219222,0.02381584297762226,0.02110560129966477,ACROYT_G031817/ACROYT_G009087/ACROYT_G006757/ACROYT_G043168/ACROYT_G035302/ACROYT_G001909/ACROYT_G006374/ACROYT_G011400/ACROYT_G025577/ACROYT_G041592/ACROYT_G033190/ACROYT_G039131,12,GO:0006281,DNA repair,10v5
GO:0090068,positive regulation of cell cycle process,10/159,280/14185,0.03571428571428571,3.1862084456424076,3.933834573874452,0.00123402542562068,0.02562349020557663,0.02270753836817404,ACROYT_G031817/ACROYT_G006757/ACROYT_G011372/ACROYT_G011400/ACROYT_G010184/ACROYT_G007708/ACROYT_G041592/ACROYT_G029490/ACROYT_G009874/ACROYT_G032456,10,NA,NA,10v5
GO:0005819,spindle,10/159,282/14185,0.03546099290780142,3.1636112226236675,3.907333891896954,0.00130161928220026,0.02652651889002578,0.0235078024358391,ACROYT_G006757/ACROYT_G011871/ACROYT_G011372/ACROYT_G020690/ACROYT_G005718/ACROYT_G006387/ACROYT_G017013/ACROYT_G010184/ACROYT_G007708/ACROYT_G032456,10,GO:0043226,organelle,10v5
GO:0016627,"oxidoreductase activity, acting on the CH-CH group of donors",5/159,73/14185,0.0684931506849315,6.110536745067631,4.660845077330595,0.00135108877833819,0.02728207707451722,0.02417737813868357,ACROYT_G040979/ACROYT_G004649/ACROYT_G032843/ACROYT_G033380/ACROYT_G032847,5,GO:0003824;GO:0016491,catalytic activity;oxidoreductase activity,10v5
GO:0007135,meiosis II,3/159,20/14185,0.15,13.382075471698114,5.899716750899439,0.00136945763146745,0.0274016022441806,0.02428330135032719,ACROYT_G017013/ACROYT_G025577/ACROYT_G029490,3,GO:0022414;GO:0140013,reproductive process;meiotic nuclear division,10v5
GO:0000228,nuclear chromosome,12/159,388/14185,0.03092783505154639,2.7591908189068275,3.740825816072129,0.0014236366548465,0.02822904754339778,0.02501658341802342,ACROYT_G043168/ACROYT_G011372/ACROYT_G006387/ACROYT_G011400/ACROYT_G017013/ACROYT_G043362/ACROYT_G025577/ACROYT_G035417/ACROYT_G041592/ACROYT_G032456/ACROYT_G009537/ACROYT_G005778,12,GO:0000228;GO:0043226;GO:0005694,nuclear chromosome;organelle;chromosome,10v5
GO:0045333,cellular respiration,6/159,110/14185,0.05454545454545454,4.866209262435677,4.333995977902659,0.00148149057711709,0.02911393535923853,0.02580077104697338,ACROYT_G013502/ACROYT_G036614/ACROYT_G000004/ACROYT_G004649/ACROYT_G038478/ACROYT_G005778,6,GO:0006091,generation of precursor metabolites and energy,10v5
GO:0032781,positive regulation of ATP-dependent activity,4/159,45/14185,0.08888888888888889,7.930118798043327,4.95739172847238,0.00158393441634887,0.0300670540701615,0.02664542489873467,ACROYT_G002619/ACROYT_G026803/ACROYT_G036895/ACROYT_G005778,4,NA,NA,10v5
GO:0000307,cyclin-dependent protein kinase holoenzyme complex,3/159,21/14185,0.14285714285714285,12.74483378256963,5.7344869579630515,0.00158463347212118,0.0300670540701615,0.02664542489873467,ACROYT_G001680/ACROYT_G006757/ACROYT_G001679,3,NA,NA,10v5
GO:0003993,acid phosphatase activity,3/159,21/14185,0.14285714285714285,12.74483378256963,5.7344869579630515,0.00158463347212118,0.0300670540701615,0.02664542489873467,ACROYT_G037998/ACROYT_G007286/ACROYT_G041018,3,GO:0003824;GO:0016787,catalytic activity;hydrolase activity,10v5
GO:0051307,meiotic chromosome separation,3/159,21/14185,0.14285714285714285,12.74483378256963,5.7344869579630515,0.00158463347212118,0.0300670540701615,0.02664542489873467,ACROYT_G006374/ACROYT_G035417/ACROYT_G005778,3,GO:0022414,reproductive process,10v5
GO:0005759,mitochondrial matrix,11/159,343/14185,0.03206997084548105,2.86108513486257,3.714880808370669,0.00168608044360323,0.03171848766128817,0.02810892543406918,ACROYT_G002619/ACROYT_G032710/ACROYT_G039803/ACROYT_G008089/ACROYT_G006428/ACROYT_G000004/ACROYT_G042319/ACROYT_G021504/ACROYT_G002760/ACROYT_G030553/ACROYT_G038132,11,NA,NA,10v5
GO:0007076,mitotic chromosome condensation,4/159,46/14185,0.08695652173913043,7.757724911129341,4.887661081831741,0.00171981840990283,0.03207898576437409,0.0284283988719889,ACROYT_G043168/ACROYT_G035417/ACROYT_G005778/ACROYT_G006315,4,NA,NA,10v5
GO:0006310,DNA recombination,7/159,154/14185,0.04545454545454545,4.055174385363064,4.058663618380461,0.00174753258216387,0.03232201019615712,0.02864376713621997,ACROYT_G031817/ACROYT_G006757/ACROYT_G006374/ACROYT_G011400/ACROYT_G035417/ACROYT_G033190/ACROYT_G039131,7,GO:0006310,DNA recombination,10v5
GO:0008608,attachment of spindle microtubules to kinetochore,3/159,22/14185,0.13636363636363635,12.165523156089192,5.580123303204921,0.00181984002503304,0.03310304045535318,0.02933591619300769,ACROYT_G017013/ACROYT_G000625/ACROYT_G032456,3,NA,NA,10v5
GO:0043539,protein serine/threonine kinase activator activity,3/159,22/14185,0.13636363636363635,12.165523156089192,5.580123303204921,0.00181984002503304,0.03310304045535318,0.02933591619300769,ACROYT_G001680/ACROYT_G006387/ACROYT_G001679,3,GO:0098772,molecular function regulator activity,10v5
GO:0051310,metaphase chromosome alignment,4/159,48/14185,0.08333333333333333,7.434486373165618,4.754303270630881,0.0020154786866194,0.03601976145266198,0.03192071449426464,ACROYT_G006387/ACROYT_G017013/ACROYT_G035417/ACROYT_G032456,4,NA,NA,10v5
GO:0000077,DNA damage checkpoint signaling,6/159,117/14185,0.05128205128205128,4.5750685373326885,4.134206155422105,0.00202928233536123,0.03601976145266198,0.03192071449426464,ACROYT_G006757/ACROYT_G011372/ACROYT_G017013/ACROYT_G039442/ACROYT_G025577/ACROYT_G033190,6,NA,NA,10v5
GO:0008574,plus-end-directed microtubule motor activity,3/159,23/14185,0.13043478260869565,11.63658736669401,5.4354429378181415,0.00207571745250604,0.03625915962671269,0.03213286916870255,ACROYT_G020690/ACROYT_G007708/ACROYT_G032456,3,GO:0003774;GO:0003824;GO:0016853;GO:0140657,cytoskeletal motor activity;catalytic activity;isomerase activity;ATP-dependent activity,10v5
GO:0042440,pigment metabolic process,7/159,162/14185,0.04320987654320987,3.8549188601599504,3.8910052436476543,0.00232915558444713,0.0403659168611664,0.03577227764592235,ACROYT_G032710/ACROYT_G008089/ACROYT_G026623/ACROYT_G000004/ACROYT_G004649/ACROYT_G033380/ACROYT_G025463,7,NA,NA,10v5
GO:0000794,condensed nuclear chromosome,5/159,85/14185,0.0588235294117647,5.24787273399926,4.182177002485488,0.00265028385773072,0.04524679881430899,0.04009771548956913,ACROYT_G011372/ACROYT_G006387/ACROYT_G017013/ACROYT_G032456/ACROYT_G005778,5,GO:0043226;GO:0005694;GO:0000228,organelle;chromosome;nuclear chromosome,10v5
GO:0000217,DNA secondary structure binding,3/159,25/14185,0.12,10.705660377358493,5.17123738126952,0.00265190233850334,0.04524679881430899,0.04009771548956913,ACROYT_G039442/ACROYT_G035417/ACROYT_G033190,3,GO:0003677,DNA binding,10v5
GO:0007500,mesodermal cell fate determination,2/9,18/14185,0.1111111111111111,175.12345679012344,18.62508870216022,5.446392503060352e-5,0.03183509260350753,0.01408726860094869,ACROYT_G006033/ACROYT_G024293,2,NA,NA,25v10
GO:0060693,regulation of branching involved in salivary gland morphogenesis,2/9,20/14185,0.1,157.61111111111111,17.659282043930567,6.759043015606694e-5,0.03183509260350753,0.01408726860094869,ACROYT_G006033/ACROYT_G024293,2,NA,NA,25v10
GO:2001028,positive regulation of endothelial cell chemotaxis,2/9,35/14185,0.05714285714285714,90.06349206349206,13.292274006754749,2.1062219958016976e-4,0.04488052994905809,0.01985997302472567,ACROYT_G006033/ACROYT_G024293,2,NA,NA,25v10
GO:0001710,mesodermal cell fate commitment,2/9,37/14185,0.05405405405405406,85.1951951951952,12.920651369919884,2.356000917003516e-4,0.04488052994905809,0.01985997302472567,ACROYT_G006033/ACROYT_G024293,2,NA,NA,25v10
GO:2001026,regulation of endothelial cell chemotaxis,2/9,44/14185,0.04545454545454545,71.64141414141415,11.824680784114198,3.3388082507535287e-4,0.04488052994905809,0.01985997302472567,ACROYT_G006033/ACROYT_G024293,2,NA,NA,25v10
GO:0060688,regulation of morphogenesis of a branching structure,2/9,45/14185,0.04444444444444444,70.04938271604938,11.68920880020531,3.4929514256984456e-4,0.04488052994905809,0.01985997302472567,ACROYT_G006033/ACROYT_G024293,2,NA,NA,25v10
GO:2001239,regulation of extrinsic apoptotic signaling pathway in absence of ligand,2/9,45/14185,0.04444444444444444,70.04938271604938,11.68920880020531,3.4929514256984456e-4,0.04488052994905809,0.01985997302472567,ACROYT_G006033/ACROYT_G024293,2,NA,NA,25v10
GO:0048333,mesodermal cell differentiation,2/9,47/14185,0.0425531914893617,67.06855791962175,11.431244966884686,3.811509974442301e-4,0.04488052994905809,0.01985997302472567,ACROYT_G006033/ACROYT_G024293,2,GO:0030154,cell differentiation,25v10
GO:0006929,substrate-dependent cell migration,2/9,50/14185,0.04,63.04444444444445,11.07347066973811,4.314976806907914e-4,0.04516342391230284,0.01998515573725771,ACROYT_G006033/ACROYT_G024293,2,GO:0048870,cell motility,25v10
GO:0009263,deoxyribonucleotide biosynthetic process,2/17,11/14185,0.18181818181818185,151.71122994652407,17.32069404651045,7.388343514065786e-5,0.02992489260980627,0.02351477575338107,ACROYT_G006706/ACROYT_G009087,2,GO:0055086;GO:1901135,nucleobase-containing small molecule metabolic process;carbohydrate derivative metabolic process,25v5
GO:0009200,deoxyribonucleoside triphosphate metabolic process,2/17,13/14185,0.15384615384615383,128.3710407239819,15.914622796979309,1.0463249164267928e-4,0.02992489260980627,0.02351477575338107,ACROYT_G006706/ACROYT_G009087,2,GO:0055086,nucleobase-containing small molecule metabolic process,25v5
GO:0051383,kinetochore organization,2/17,17/14185,0.1176470588235294,98.16608996539792,13.885274226467969,1.81922390408832e-4,0.03468653577128397,0.02725644235248114,ACROYT_G043168/ACROYT_G000625,2,NA,NA,25v5
GO:0071324,cellular response to disaccharide stimulus,4/223,10/14185,0.4,25.443946188340806,9.77209681900894,1.1593182889439828e-5,0.02245019866540022,0.02174026875530216,ACROYT_G021042/ACROYT_G021035/ACROYT_G009085/ACROYT_G026620,4,NA,NA,5v10
GO:0071329,cellular response to sucrose stimulus,4/223,10/14185,0.4,25.443946188340806,9.77209681900894,1.1593182889439828e-5,0.02245019866540022,0.02174026875530216,ACROYT_G021042/ACROYT_G021035/ACROYT_G009085/ACROYT_G026620,4,NA,NA,5v10
GO:0004089,carbonate dehydratase activity,4/70,19/13093,0.21052631578947367,39.37744360902256,12.27284079225266,2.7330322894588933e-6,0.00578582935678447,0.00536537391562193,ACROYT_G040177/ACROYT_G040168/ACROYT_G040178/ACROYT_G040174,4,GO:0003824;GO:0016829,catalytic activity;lyase activity,30v1
GO:0031012,extracellular matrix,11/70,395/13093,0.02784810126582278,5.20878842676311,6.227080485777436,7.163387173318031e-6,0.00758244532295713,0.00703143004117796,ACROYT_G020559/ACROYT_G026578/ACROYT_G032993/ACROYT_G033601/ACROYT_G019632/ACROYT_G042255/ACROYT_G035261/ACROYT_G021670/ACROYT_G042464/ACROYT_G031934/ACROYT_G021665,11,GO:0031012;GO:0030312,extracellular matrix;external encapsulating structure,30v1
GO:0015701,bicarbonate transport,4/70,30/13093,0.13333333333333333,24.93904761904762,9.623710067995884,1.8485118714612393e-5,0.01304433210627814,0.01209640224657968,ACROYT_G040177/ACROYT_G040168/ACROYT_G040178/ACROYT_G040174,4,NA,NA,30v1
GO:0010811,positive regulation of cell-substrate adhesion,5/70,67/13093,0.07462686567164178,13.958422174840084,7.796155399936817,2.8223014153413637e-5,0.01493703024069416,0.0138515582621359,ACROYT_G020559/ACROYT_G026578/ACROYT_G025889/ACROYT_G016164/ACROYT_G031934,5,NA,NA,30v1
GO:0097205,renal filtration,3/70,14/13093,0.21428571428571427,40.08061224489796,10.72592126990832,5.107205736958273e-5,0.02162390909028132,0.02005250252510985,ACROYT_G026578/ACROYT_G030497/ACROYT_G016076,3,GO:0003014,renal system process,30v1
GO:0032352,positive regulation of hormone metabolic process,3/70,16/13093,0.1875,35.07053571428571,9.997269272940777,7.79716692600899e-5,0.02751100397060171,0.02551178301229257,ACROYT_G042339/ACROYT_G040363/ACROYT_G031934,3,NA,NA,30v1
GO:0035640,exploration behavior,4/70,47/13093,0.0851063829787234,15.91854103343465,7.511611066156528,1.1234910847968024e-4,0.02973038283143538,0.02756987990981627,ACROYT_G026578/ACROYT_G021670/ACROYT_G025889/ACROYT_G021665,4,NA,NA,30v1
GO:0050850,positive regulation of calcium-mediated signaling,4/70,47/13093,0.0851063829787234,15.91854103343465,7.511611066156528,1.1234910847968024e-4,0.02973038283143538,0.02756987990981627,ACROYT_G021551/ACROYT_G040363/ACROYT_G029319/ACROYT_G025889,4,NA,NA,30v1
GO:0016836,hydro-lyase activity,4/70,49/13093,0.08163265306122448,15.26880466472303,7.33629414183782,1.323876826428087e-4,0.03114052490609178,0.02887754714957172,ACROYT_G040177/ACROYT_G040168/ACROYT_G040178/ACROYT_G040174,4,GO:0003824;GO:0016829,catalytic activity;lyase activity,30v1
GO:0062023,collagen-containing extracellular matrix,8/70,291/13093,0.0274914089347079,5.142071674030437,5.23867782812898,1.5453719495419515e-4,0.03271552417180311,0.03033809143048146,ACROYT_G008002/ACROYT_G020559/ACROYT_G026578/ACROYT_G032993/ACROYT_G019632/ACROYT_G042255/ACROYT_G021670/ACROYT_G021665,8,NA,NA,30v1
GO:0016835,carbon-oxygen lyase activity,4/70,54/13093,0.07407407407407407,13.855026455026454,6.939756143614529,1.9367153227888953e-4,0.03727296671221901,0.0345643452344621,ACROYT_G040177/ACROYT_G040168/ACROYT_G040178/ACROYT_G040174,4,GO:0003824;GO:0016829,catalytic activity;lyase activity,30v1
GO:0007158,neuron cell-cell adhesion,4/70,58/13093,0.06896551724137931,12.899507389162562,6.658615848072193,2.556785482814587e-4,0.04510595722598734,0.04182811338113337,ACROYT_G029319/ACROYT_G021670/ACROYT_G025889/ACROYT_G021665,4,GO:0007155,cell adhesion,30v1
